GROUP,PACKAGE,CLASS,INSTRUCTION_MISSED,INSTRUCTION_COVERED,BRANCH_MISSED,BRANCH_COVERED,LINE_MISSED,LINE_COVERED,COMPLEXITY_MISSED,COMPLEXITY_COVERED,METHOD_MISSED,METHOD_COVERED
problem2,edu.postech.csed332.homework2,BooleanExpParser.VariableContext,23,0,2,0,4,0,4,0,3,0
problem2,edu.postech.csed332.homework2,BooleanExpParser.ExpressionContext,14,0,0,0,6,0,4,0,4,0
problem2,edu.postech.csed332.homework2,Constant,19,0,0,0,8,0,6,0,6,0
problem2,edu.postech.csed332.homework2,BooleanExpParser.BinaryExpContext,38,0,2,0,7,0,7,0,6,0
problem2,edu.postech.csed332.homework2,Negation,26,0,0,0,8,0,6,0,6,0
problem2,edu.postech.csed332.homework2,Variable,33,0,2,0,10,0,7,0,6,0
problem2,edu.postech.csed332.homework2,Disjunction,37,0,0,0,8,0,7,0,7,0
problem2,edu.postech.csed332.homework2,ExpParser.new BooleanExpBaseVisitor() {...},88,0,3,0,9,0,8,0,6,0
problem2,edu.postech.csed332.homework2,ExpParser.new BaseErrorListener() {...},21,0,0,0,2,0,2,0,2,0
problem2,edu.postech.csed332.homework2,BooleanExpParser.ConstantContext,28,0,2,0,5,0,5,0,4,0
problem2,edu.postech.csed332.homework2,BooleanExpParser,597,0,39,0,132,0,37,0,15,0
problem2,edu.postech.csed332.homework2,ExpParser,30,0,0,0,6,0,2,0,2,0
problem2,edu.postech.csed332.homework2,BooleanExpLexer,241,0,8,0,42,0,17,0,13,0
problem2,edu.postech.csed332.homework2,BooleanExpParser.UnaryExpContext,29,0,2,0,5,0,5,0,4,0
problem2,edu.postech.csed332.homework2,Conjunction,37,0,0,0,8,0,7,0,7,0
problem2,edu.postech.csed332.homework2,BooleanExpParser.ParenExpContext,34,0,2,0,6,0,6,0,5,0
problem2,edu.postech.csed332.homework2,BooleanExpBaseVisitor,23,0,0,0,6,0,6,0,6,0
